{
    "rmse": 0.7723357836420637,
    "mae": 0.6279545650692122,
    "r2": 0.08722690984823955
}